{"RuleTriggered": 0, "Violations": 0, "Details": {"pin_memory": false, "num_workers": 0, "cores": 8, "dataloaders": 1, "dataloading_time": {"p25": 0.231127, "p50": 0.261759, "p95": 0.3168966, "probs": [1, 0, 0, 0, 0, 0, 0, 0, 0, 0, 0, 0, 0, 0, 0, 0, 0, 0, 0, 0, 0, 0, 0, 0, 0, 0, 0, 0, 0, 0, 0, 0, 0, 0, 0, 0, 0, 0, 0, 0, 0, 0, 0, 0, 0, 0, 0, 0, 0, 0, 0, 0, 0, 0, 0, 0, 0, 0, 0, 0, 0, 0, 0, 0, 0, 0, 0, 0, 0, 0, 0, 0, 0, 0, 0, 0, 0, 0, 0, 0, 0, 0, 0, 0, 0, 0, 0, 0, 0, 0, 0, 0, 0, 0, 0, 0, 0, 0, 0, 1], "binedges": [0.200495, 0.20172028, 0.20294556, 0.20417084000000002, 0.20539612000000002, 0.2066214, 0.20784668, 0.20907196, 0.21029724, 0.21152252000000002, 0.21274780000000001, 0.21397308, 0.21519836, 0.21642364, 0.21764892, 0.21887420000000002, 0.22009948000000001, 0.22132476, 0.22255004, 0.22377532, 0.2250006, 0.22622588000000002, 0.22745116, 0.22867644, 0.22990172, 0.231127, 0.23235228000000002, 0.23357756000000002, 0.23480284, 0.23602812, 0.2372534, 0.23847868, 0.23970396, 0.24092924000000002, 0.24215452, 0.2433798, 0.24460508, 0.24583036, 0.24705564000000002, 0.24828092000000002, 0.2495062, 0.25073148, 0.25195676, 0.25318204, 0.25440732, 0.2556326, 0.25685788, 0.25808316, 0.25930844000000003, 0.26053372, 0.261759, 0.26298428, 0.26420956, 0.26543484, 0.26666012, 0.2678854, 0.26911068, 0.27033596000000004, 0.27156124000000004, 0.27278652000000003, 0.2740118, 0.27523708, 0.27646236, 0.27768764, 0.27891292, 0.2801382, 0.28136348, 0.28258876, 0.28381404, 0.28503932, 0.2862646, 0.28748988, 0.28871516, 0.28994044, 0.29116572, 0.292391, 0.29361628, 0.29484156, 0.29606684, 0.29729212, 0.29851740000000004, 0.29974268000000004, 0.30096796000000003, 0.30219324000000003, 0.30341852, 0.3046438, 0.30586908, 0.30709436, 0.30831964, 0.30954492, 0.3107702, 0.31199548, 0.31322076, 0.31444604, 0.31567132, 0.31689660000000003, 0.31812188, 0.31934716, 0.32057244, 0.32179772, 0.323023]}}, "Datapoints": 2, "RuleParameters": "min_threshold:70\nmax_threshold:200"}