{"RuleTriggered": 0, "Violations": 0, "Details": {"step_num": {"first": 1750749394654275, "last": 1750752580631780}, "job_start": 1750749321.000305, "job_end": 1750752599.50105}, "Datapoints": 4626, "RuleParameters": "threshold:20"}