{"RuleTriggered": 0, "Violations": 0, "Details": {"ratio": {"cpu_functions": 100.0}, "phase": {"Step:ModeKeys.TRAIN": 113.23046921610967, "others": -29.693304111088153, "Step:ModeKeys.EVAL": 16.46283489497848}, "phase_time": {}, "CPU": {"aten::conv2d": 19.098142465320635, "aten::convolution": 19.09184669274261, "aten::_convolution": 19.087206312115168, "aten::mkldnn_convolution": 19.075433657658074, "aten::batch_norm": 6.8000595588891155, "aten::_batch_norm_impl_index": 6.7940631657064054, "aten::native_batch_norm": 6.78589186926947, "enumerate(DataLoader)#_SingleProcessDataLoaderIter.__next__": 3.267356278298507}, "CPU_total": {"aten::conv2d": 2168943, "aten::convolution": 2168228, "aten::_convolution": 2167701, "aten::mkldnn_convolution": 2166364, "aten::batch_norm": 772271, "aten::_batch_norm_impl_index": 771590, "aten::native_batch_norm": 770662, "enumerate(DataLoader)#_SingleProcessDataLoaderIter.__next__": 371068}, "general": {"DataLoaderIterInitialize": 5.6035801024349384e-05, "DataLoaderIter": 0.009653093280903368, "Forward": 99.99029087091807}}, "Datapoints": 0, "RuleParameters": ""}