{"RuleTriggered": 0, "Violations": 0, "Details": {"step_details": {"algo-1-27": {"step_stats": {"mean": 1.0923307532894735, "max": 2.866715, "p99": 1.1964637699999998, "p95": 1.1626274, "p50": 1.121767, "min": 0.072993}, "number_of_outliers": 1, "phase": "Step:ModeKeys.EVAL", "stddev": 0.22, "probs": [10, 1, 0, 0, 0, 0, 0, 0, 0, 0, 0, 0, 0, 0, 0, 0, 0, 0, 0, 0, 0, 0, 0, 0, 0, 0, 0, 0, 0, 0, 0, 0, 0, 0, 0, 0, 0, 0, 0, 0, 0, 0, 0, 0, 0, 0, 0, 0, 0, 0, 0, 0, 0, 0, 0, 0, 0, 0, 0, 0, 0, 0, 0, 0, 0, 0, 0, 0, 0, 0, 0, 0, 0, 0, 0, 0, 0, 0, 7, 7, 41, 65, 76, 49, 21, 16, 4, 2, 2, 0, 1, 0, 0, 0, 0, 0, 0, 0, 0, 1], "binedges": [0.072993, 0.08573342, 0.09847384, 0.11121426, 0.12395468, 0.1366951, 0.14943552, 0.16217594, 0.17491636, 0.18765678, 0.2003972, 0.21313762, 0.22587803999999997, 0.23861845999999998, 0.25135887999999995, 0.2640993, 0.27683972, 0.28958014, 0.30232055999999996, 0.31506098, 0.3278014, 0.34054182, 0.35328223999999997, 0.36602265999999994, 0.3787630799999999, 0.3915035, 0.40424392, 0.41698433999999995, 0.42972475999999993, 0.44246518, 0.4552056, 0.46794601999999996, 0.48068643999999994, 0.4934268599999999, 0.50616728, 0.5189077, 0.53164812, 0.5443885399999999, 0.55712896, 0.56986938, 0.5826098, 0.5953502199999999, 0.6080906399999999, 0.6208310599999999, 0.63357148, 0.6463118999999999, 0.6590523199999999, 0.6717927399999999, 0.6845331599999999, 0.69727358, 0.7100139999999999, 0.7227544199999999, 0.7354948399999999, 0.74823526, 0.7609756799999999, 0.7737160999999999, 0.7864565199999999, 0.7991969399999999, 0.8119373599999999, 0.8246777799999999, 0.8374181999999999, 0.8501586199999999, 0.86289904, 0.8756394599999999, 0.8883798799999999, 0.9011202999999999, 0.9138607199999998, 0.9266011399999999, 0.9393415599999999, 0.9520819799999999, 0.9648223999999999, 0.9775628199999999, 0.9903032399999999, 1.00304366, 1.01578408, 1.0285244999999998, 1.04126492, 1.05400534, 1.0667457599999999, 1.07948618, 1.0922266, 1.10496702, 1.11770744, 1.13044786, 1.14318828, 1.1559287, 1.16866912, 1.18140954, 1.19414996, 1.20689038, 1.2196308, 1.2323712199999999, 1.24511164, 1.25785206, 1.27059248, 1.2833329, 1.2960733199999999, 1.30881374, 1.32155416, 1.33429458, 1.347035], "step_numbers": ["0"]}, "algo-2-27": {"step_stats": {"mean": 1.2955882945454547, "max": 3.20254, "p99": 1.4239779399999999, "p95": 1.3930587, "p50": 1.324635, "min": 0.088873}, "number_of_outliers": 1, "phase": "Step:ModeKeys.EVAL", "stddev": 0.26, "probs": [8, 2, 0, 0, 0, 0, 0, 0, 0, 0, 0, 0, 0, 0, 0, 0, 0, 0, 0, 0, 0, 0, 0, 0, 0, 0, 0, 0, 0, 0, 0, 0, 0, 0, 0, 0, 0, 0, 0, 0, 0, 0, 0, 0, 0, 0, 0, 0, 0, 0, 0, 0, 0, 0, 0, 0, 0, 0, 0, 0, 0, 0, 0, 0, 0, 0, 0, 0, 0, 0, 0, 0, 0, 0, 0, 0, 0, 0, 0, 0, 0, 0, 0, 0, 0, 0, 5, 20, 48, 86, 35, 23, 24, 6, 8, 5, 2, 1, 0, 1], "binedges": [0.088873, 0.10268411, 0.11649522, 0.13030633, 0.14411743999999999, 0.15792855, 0.17173966, 0.18555076999999998, 0.19936188, 0.21317299, 0.22698409999999997, 0.24079520999999998, 0.25460632, 0.26841743, 0.28222853999999997, 0.29603965, 0.30985076, 0.32366186999999996, 0.33747298, 0.35128409, 0.36509519999999995, 0.37890630999999997, 0.39271742, 0.40652853, 0.42033963999999996, 0.43415075, 0.44796186, 0.46177296999999995, 0.47558407999999996, 0.48939519, 0.5032063, 0.51701741, 0.53082852, 0.54463963, 0.55845074, 0.57226185, 0.58607296, 0.59988407, 0.61369518, 0.62750629, 0.6413173999999999, 0.6551285099999999, 0.66893962, 0.68275073, 0.69656184, 0.71037295, 0.72418406, 0.7379951699999999, 0.7518062799999999, 0.76561739, 0.7794285, 0.79323961, 0.80705072, 0.82086183, 0.8346729399999999, 0.8484840499999999, 0.86229516, 0.87610627, 0.88991738, 0.90372849, 0.9175396, 0.9313507099999999, 0.9451618199999999, 0.95897293, 0.97278404, 0.98659515, 1.00040626, 1.0142173700000001, 1.02802848, 1.04183959, 1.0556507, 1.06946181, 1.08327292, 1.09708403, 1.11089514, 1.12470625, 1.13851736, 1.15232847, 1.16613958, 1.1799506899999999, 1.1937617999999999, 1.2075729099999999, 1.22138402, 1.23519513, 1.24900624, 1.26281735, 1.27662846, 1.29043957, 1.30425068, 1.31806179, 1.3318729, 1.34568401, 1.35949512, 1.3733062299999999, 1.3871173399999999, 1.4009284499999999, 1.41473956, 1.42855067, 1.44236178, 1.45617289, 1.469984], "step_numbers": ["0"]}}}, "Datapoints": 4626, "RuleParameters": "threshold:3\nmode:None\nn_outliers:10\nstddev:3"}